{"cameraMode":{"drawMode":2,"name":"Shaded Wireframe","section":"Shading Mode"},"sceneLighting":false,"audioPlay":false,"sceneViewState":{"showFog":false,"showMaterialUpdate":false,"showSkybox":false,"showFlares":false,"showImageEffects":false,"showParticleSystems":false},"in2DMode":false,"pivot":{"x":-6.0881428718566898,"y":-2.1450304985046388,"z":1.254516839981079},"rotation":{"x":0.00018756311328615993,"y":0.9943234920501709,"z":-0.1066097617149353,"w":0.001477183192037046},"size":34.17304992675781,"orthographic":false}