{"cameraMode":{"drawMode":2,"name":"Shaded Wireframe","section":"Shading Mode"},"sceneLighting":false,"audioPlay":false,"sceneViewState":{"showFog":false,"showMaterialUpdate":false,"showSkybox":false,"showFlares":false,"showImageEffects":false,"showParticleSystems":false},"in2DMode":false,"pivot":{"x":11.341489791870118,"y":21.312694549560548,"z":121.21421813964844},"rotation":{"x":-0.058508872985839847,"y":-0.8543590903282166,"z":0.5069147348403931,"w":-0.09860594570636749},"size":32.41769790649414,"orthographic":false}