{"cameraMode":{"drawMode":2,"name":"Shaded Wireframe","section":"Shading Mode"},"sceneLighting":false,"audioPlay":false,"sceneViewState":{"showFog":false,"showMaterialUpdate":false,"showSkybox":false,"showFlares":false,"showImageEffects":false,"showParticleSystems":false},"in2DMode":false,"pivot":{"x":-0.0000057220458984375,"y":0.0,"z":0.0000057220458984375},"rotation":{"x":-0.01782100275158882,"y":0.9487105011940002,"z":-0.31103914976119997,"w":-0.0544554702937603},"size":74.67044067382813,"orthographic":false}